loop	results	gccO2 cyc al/misal	gccO3 cyc al/misal	clangO3 cyc al/misal	exp cyc al/misal	exp-txt cyc al/misal	exp-ualign cyc al/misal	exp-ualign-txt cyc al/misal	exp-force2 cyc al/misal	exp-force2x2 cyc al/misal
add16	all equal	1312/1306	686/691	2074/2074	1964/1964	1964/1964	684/1067	1062/1318	684/1067	749/1005
add8	all equal	1308/1302	365/381	2073/2073	2031/2031	2031/2031	364/555	550/678	1834/1834	1644/1644
sub16	all equal	1312/1306	686/691	2074/2074	1964/1964	1964/1964	683/1066	1062/1318	684/1067	749/1005
and16	all equal	1312/1306	686/691	2074/2074	1963/1963	1963/1963	684/1067	1062/1318	684/1067	748/1004
min16	all equal	1312/1306	686/693	2074/2074	1963/1963	1963/1963	684/1067	1062/1318	684/1067	748/1004
max8	all equal	1308/1302	365/383	2073/2073	2032/2032	2032/2032	363/554	550/678	1835/1835	1643/1643
maxu8	all equal	1308/1302	365/383	2073/2073	2031/2031	2031/2031	364/555	550/678	1835/1835	1644/1644
abs16	all equal	1057/1051	1054/1054	1819/1819	1323/1323	1323/1323	556/811	934/1062	555/810	557/685
shr16	all equal	1057/1051	558/563	1819/1819	1325/1325	1325/1325	556/811	935/1063	556/811	558/686
shl8	all equal	1053/1047	301/314	1818/1818	1324/1324	1324/1324	301/428	487/551	1323/1323	1197/1197
shrv16	all equal	1057/1051	1054/1054	1819/1819	1580/1580	1580/1580	1067/1322	1446/1574	1067/1322	1069/1197
addc16	all equal	1057/1051	558/562	1819/1819	1325/1325	1325/1325	556/811	935/1063	556/811	558/686
adds16	all equal	1058/1052	560/564	1819/1819	1324/1324	1324/1324	557/812	935/1063	557/812	557/685
scale16	all equal	1058/1052	686/691	2075/2075	1836/1836	1836/1836	1323/1578	1702/1830	1323/1578	1325/1453
scaleq15	all equal	1313/1307	1310/1310	2075/2075	1835/1835	1835/1835	1324/1579	1702/1830	1324/1579	1324/1452
mul16	all equal	1312/1306	1309/1309	2074/2074	2219/2219	2219/2219	1323/1706	1702/1958	1323/1706	1516/1772
copy16	all equal	801/795	430/433	8740/8740	8740/8740	8740/8740	8740/8740	8740/8740	8740/8740	8740/8740
set16	all equal	546/540	303/305	1052/1052	430/430	430/430	551/551	551/551	551/551	238/302
avg8	all equal	1308/1302	1305/1305	2330/2330	2225/2225	2225/2225	556/747	743/871	2092/2092	1904/1904
sat16	all equal	2337/2331	2334/2334	2330/2330	2475/2475	2475/2475	1580/1963	1958/2214	1579/1962	1772/2028
clip16	all equal	1315/1309	1312/1312	1819/1819	1456/1456	1456/1456	687/942	1066/1194	687/942	688/816
relu8	all equal	1053/1047	301/315	1818/1818	1325/1325	1325/1325	300/427	487/551	1324/1324	1196/1196
sel16	all equal	2208/2203	942/950	2842/2842	2220/2220	2220/2220	939/1322	1318/1574	939/1322	1004/1260
dot16	all equal	1054/1048	1051/1051	1053/1053	1054/1054	1054/1054	1053/1053	1053/1053	552/808	1212/1404
dot8	all equal	1050/1044	1047/1047	1052/1052	1052/1052	1052/1052	1052/1052	1052/1052	2472/2472	2240/2240
dotu8	all equal	1050/1044	1047/1047	1052/1052	1052/1052	1052/1052	1052/1052	1052/1052	2472/2472	2241/2241
sum16	all equal	797/791	794/794	796/796	796/796	796/796	796/796	796/796	807/935	750/814
sum8	all equal	793/787	790/790	794/794	794/794	794/794	794/794	794/794	1446/1446	1260/1260
max16r	all equal	797/791	794/794	797/797	797/797	797/797	797/797	797/797	809/937	750/814
max16rn	DIFFER from gccO2: gccO3	803/797	430/558	803/803	816/816	816/816	433/561	433/561	433/561	372/436
sad8	all equal	1562/1556	1559/1559	1819/1819	1819/1819	1819/1819	1819/1819	1819/1819	2215/2215	2105/2105
add16_k64	all equal	347/341	203/205	536/536	588/588	588/588	208/295	208/295	208/295	208/295
add16_k63	all equal	342/336	197/197	528/528	581/581	581/581	208/293	208/293	208/293	218/300
add8_k4	all equal	47/41	28/30	41/41	53/53	53/53	30/32	30/32	30/32	30/32
add16_k2	all equal	34/28	28/30	33/33	37/37	37/37	30/32	30/32	30/32	30/32
dot16_k64	all equal	280/274	277/277	283/283	282/282	282/282	283/283	283/283	154/218	295/345
add16_nr	all equal	1312/1306	703/708	2074/2074	1971/1971	1971/1971	691/1074	1069/1325	689/1072	755/1011
add8_nr	all equal	1308/1302	385/401	2073/2073	2038/2038	2038/2038	369/560	556/684	1841/1841	1649/1649
inplace16	all equal	1313/1307	697/703	2075/2075	1841/1841	1841/1841	690/1073	1068/1324	689/1072	689/945
add16_ovl	all equal	1314/1308	1325/1325	2076/2076	2090/2090	2090/2090	2090/2090	2090/2090	2089/2089	2090/2090
add8_ovl	all equal	1310/1304	1321/1321	2075/2075	2092/2092	2092/2092	2088/2088	2088/2088	2087/2087	2087/2087
slp_add16	all equal	34/28	28/30	33/33	37/37	37/37	30/32	30/32	30/32	30/32
slp_add8	all equal	42/36	28/30	41/41	53/53	53/53	30/32	30/32	30/32	30/32
add32	all equal	669/0	668/0	1050/0	1050/0	1050/0	1050/0	1050/0	748/0	659/0
