examples/gap9/basic/bsp/adc/tlv320/analog_mems_mics/stream_to_ssm6515_pcm	clang-compat-nowerror-gnuas-gnuld	2		-	-
examples/gap9/basic/bsp/adc/tlv320/analog_mems_mics/stream_to_ssm6515_pcm	clang-compat-nowerror-sdkp	2		-	-
examples/gap9/basic/bsp/adc/tlv320/analog_mems_mics/stream_to_ssm6515_pcm	gcc	2		-	-
examples/gap9/basic/bsp/adc/tlv320/analog_single_ended_mics/stream_to_ssm6515_pcm	clang-compat-nowerror-gnuas-gnuld	2		-	-
examples/gap9/basic/bsp/adc/tlv320/analog_single_ended_mics/stream_to_ssm6515_pcm	clang-compat-nowerror-sdkp	2		-	-
examples/gap9/basic/bsp/adc/tlv320/analog_single_ended_mics/stream_to_ssm6515_pcm	gcc	2		-	-
examples/gap9/basic/bsp/blink_led	clang-compat-nowerror-gnuas-gnuld	0	yes	1	7dab4d33
examples/gap9/basic/bsp/blink_led	clang-compat-nowerror-sdkp	0	yes	1	962840a0
examples/gap9/basic/bsp/blink_led	gcc	0	yes	1	23ba84f2
examples/gap9/basic/bsp/custom_bsp	clang-compat-nowerror-gnuas-gnuld	0	yes	0	3c5affed
examples/gap9/basic/bsp/custom_bsp	gcc	0	yes	0	3c5affed
examples/gap9/basic/bsp/display/ili9341/basic	clang-compat-nowerror-gnuas-gnuld	0	yes	1	81f6a152
examples/gap9/basic/bsp/display/ili9341/basic	clang-compat-nowerror-sdkp	0	yes	1	cf222f39
examples/gap9/basic/bsp/display/ili9341/basic	gcc	0	yes	1	35680e10
examples/gap9/basic/bsp/display/ili9341/image	clang-compat-nowerror-gnuas-gnuld	2		-	-
examples/gap9/basic/bsp/display/ili9341/image	clang-compat-nowerror-sdkp	2		-	-
examples/gap9/basic/bsp/display/ili9341/image	gcc	0	yes	1	2a97e696
examples/gap9/basic/bsp/filesystem/hostfs	clang-compat-nowerror-gnuas-gnuld	0	yes	0	762d48c2
examples/gap9/basic/bsp/filesystem/hostfs	clang-compat-nowerror-sdkp	0	yes	0	847e7511
examples/gap9/basic/bsp/filesystem/hostfs	gcc	0	yes	0	762d48c2
examples/gap9/basic/bsp/filesystem/little_fs	clang-compat-nowerror-gnuas-gnuld	0	yes	1	65240420
examples/gap9/basic/bsp/filesystem/little_fs	clang-compat-nowerror-sdkp	0	yes	1	50deded3
examples/gap9/basic/bsp/filesystem/little_fs	gcc	0	yes	1	9be436da
examples/gap9/basic/bsp/filesystem/partition_reinit	clang-compat-nowerror-gnuas-gnuld	0	yes	1	cfa37882
examples/gap9/basic/bsp/filesystem/partition_reinit	clang-compat-nowerror-sdkp	0	yes	1	ad6f3e92
examples/gap9/basic/bsp/filesystem/partition_reinit	gcc	0	yes	1	b959adf5
examples/gap9/basic/bsp/filesystem/readfs	clang-compat-nowerror-gnuas-gnuld	0	yes	1	e7707749
examples/gap9/basic/bsp/filesystem/readfs	clang-compat-nowerror-sdkp	0	yes	1	574bb1d7
examples/gap9/basic/bsp/filesystem/readfs	gcc	0	yes	1	3f2e6b83
examples/gap9/basic/bsp/filesystem/vfs	gcc	0	yes	1	36252f70
examples/gap9/basic/chip_identification	clang-compat-nowerror-gnuas-gnuld	0	yes	1	87f4f3b1
examples/gap9/basic/chip_identification	clang-compat-nowerror-sdkp	0	yes	1	9d8c90b5
examples/gap9/basic/chip_identification	gcc	0	yes	1	55e4163e
examples/gap9/basic/first_app/first_app1	clang-compat-nowerror-gnuas-gnuld	0	yes	0	09f7e02f
examples/gap9/basic/first_app/first_app1	clang-compat-nowerror-sdkp	0	yes	0	09f7e02f
examples/gap9/basic/first_app/first_app1	gcc	0	yes	0	09f7e02f
examples/gap9/basic/first_app/first_app2	clang-compat-nowerror-gnuas-gnuld	0	yes	1	f338a1d6
examples/gap9/basic/first_app/first_app2	clang-compat-nowerror-sdkp	0	yes	1	30b4f7b5
examples/gap9/basic/first_app/first_app2	gcc	0	yes	1	9701b69b
examples/gap9/basic/first_app/first_app3	clang-compat-nowerror-gnuas-gnuld	0	yes	1	1eb5f259
examples/gap9/basic/first_app/first_app3	clang-compat-nowerror-sdkp	0	yes	1	f3272381
examples/gap9/basic/first_app/first_app3	gcc	0	yes	1	7fc2c3f3
examples/gap9/basic/first_app/first_app4	clang-compat-nowerror-gnuas-gnuld	0	yes	1	70db7a7e
examples/gap9/basic/first_app/first_app4	clang-compat-nowerror-sdkp	0	yes	1	5fa3ad99
examples/gap9/basic/first_app/first_app4	gcc	0	yes	1	8d3f55ac
examples/gap9/basic/full_custom_ld	clang-compat-nowerror-gnuas-gnuld	0	yes	1	d0688f06
examples/gap9/basic/full_custom_ld	clang-compat-nowerror-sdkp	0	yes	1	d0688f06
examples/gap9/basic/full_custom_ld	gcc	0	yes	0	f7880398
examples/gap9/basic/getting_started	clang-compat-nowerror-gnuas-gnuld	2		-	-
examples/gap9/basic/getting_started	clang-compat-nowerror-sdkp	2		-	-
examples/gap9/basic/getting_started	gcc	0	yes	0	d99f473c
examples/gap9/basic/gvsoc/mem_access	clang-compat-nowerror-gnuas-gnuld	0	yes	124	d41d8cd9
examples/gap9/basic/gvsoc/mem_access	clang-compat-nowerror-sdkp	0	yes	124	d41d8cd9
examples/gap9/basic/gvsoc/mem_access	gcc	0	yes	124	d41d8cd9
examples/gap9/basic/gvsoc/memcheck	clang-compat-nowerror-gnuas-gnuld	0	yes	0	5a9dda74
examples/gap9/basic/gvsoc/memcheck	clang-compat-nowerror-sdkp	0	yes	0	5a9dda74
examples/gap9/basic/gvsoc/memcheck	gcc	0	yes	0	5a9dda74
examples/gap9/basic/gvsoc/pcer	clang	2		-	-
examples/gap9/basic/gvsoc/pcer	clang-compat-nowerror-gnuas-gnuld	0	yes	1	88919265
examples/gap9/basic/gvsoc/pcer	clang-compat-nowerror-sdkp	0	yes	1	be0eba89
examples/gap9/basic/gvsoc/pcer	gcc	0	yes	1	51a9779f
examples/gap9/basic/gvsoc/proxy	clang-compat-nowerror-gnuas-gnuld	0	yes	0	d47e467a
examples/gap9/basic/gvsoc/proxy	clang-compat-nowerror-sdkp	0	yes	0	d47e467a
examples/gap9/basic/gvsoc/proxy	gcc	0	yes	0	d47e467a
examples/gap9/basic/gvsoc/trace_control	clang-compat-nowerror-gnuas-gnuld	0	yes	0	d47e467a
examples/gap9/basic/gvsoc/trace_control	clang-compat-nowerror-sdkp	0	yes	0	d47e467a
examples/gap9/basic/gvsoc/trace_control	gcc	0	yes	0	d47e467a
examples/gap9/basic/gvsoc/user_vcd	clang-compat-nowerror-gnuas-gnuld	0	yes	1	ac651e59
examples/gap9/basic/gvsoc/user_vcd	clang-compat-nowerror-sdkp	0	yes	1	5a66f635
examples/gap9/basic/gvsoc/user_vcd	gcc	0	yes	1	b518ab4d
examples/gap9/basic/helloworld	clang	2		-	-
examples/gap9/basic/helloworld	clang-compat-nowerror-gnuas-gnuld	0	yes	0	83fdb754
examples/gap9/basic/helloworld	clang-compat-nowerror-sdkp	0	yes	0	e9fda642
examples/gap9/basic/helloworld	gcc	0	yes	0	e95807e2
examples/gap9/basic/helloworld_cxx	clang-compat-nowerror-gnuas-gnuld	0	yes	0	0c90c346
examples/gap9/basic/helloworld_cxx	clang-compat-nowerror-sdkp	0	yes	0	4287842a
examples/gap9/basic/helloworld_cxx	gcc	0	yes	0	6f69c30e
examples/gap9/basic/jpeg_compression	clang-compat-nowerror-gnuas-gnuld	2		-	-
examples/gap9/basic/jpeg_compression	clang-compat-nowerror-sdkp	2		-	-
examples/gap9/basic/jpeg_compression	gcc	0	yes	124	d41d8cd9
examples/gap9/basic/lazy_memory_load	clang-compat-nowerror-gnuas-gnuld	0	yes	1	71c22451
examples/gap9/basic/lazy_memory_load	clang-compat-nowerror-sdkp	0	yes	1	a4f186bb
examples/gap9/basic/lazy_memory_load	gcc	0	yes	1	a5c8628a
examples/gap9/basic/malloc	clang	2		-	-
examples/gap9/basic/malloc	clang-compat-nowerror-gnuas-gnuld	0	yes	1	a5d3a1cf
examples/gap9/basic/malloc	clang-compat-nowerror-sdkp	0	yes	1	80d1c977
examples/gap9/basic/malloc	gcc	0	yes	1	8e926dcc
examples/gap9/basic/mem_slab	clang-compat-nowerror-gnuas-gnuld	0	yes	0	01ff407b
examples/gap9/basic/mem_slab	clang-compat-nowerror-sdkp	0	yes	0	01ff407b
examples/gap9/basic/mem_slab	gcc	0	yes	0	01ff407b
examples/gap9/basic/os/kernel/counting_semaphore	clang-compat-nowerror-gnuas-gnuld	0	yes	0	8118dcd1
examples/gap9/basic/os/kernel/counting_semaphore	clang-compat-nowerror-sdkp	0	yes	0	8118dcd1
examples/gap9/basic/os/kernel/counting_semaphore	gcc	0	yes	0	8118dcd1
examples/gap9/basic/os/kernel/debug_semaphore	clang-compat-nowerror-gnuas-gnuld	0	yes	0	35110980
examples/gap9/basic/os/kernel/debug_semaphore	clang-compat-nowerror-sdkp	0	yes	0	35110980
examples/gap9/basic/os/kernel/debug_semaphore	gcc	0	yes	0	35110980
examples/gap9/basic/os/kernel/eventgroup	clang-compat-nowerror-gnuas-gnuld	0	yes	0	3f0125fd
examples/gap9/basic/os/kernel/eventgroup	clang-compat-nowerror-sdkp	0	yes	0	3f0125fd
examples/gap9/basic/os/kernel/eventgroup	gcc	0	yes	0	3f0125fd
examples/gap9/basic/os/kernel/multi_threads	clang	2		-	-
examples/gap9/basic/os/kernel/multi_threads	clang-compat-nowerror-gnuas-gnuld	0	yes	1	5cb38b6a
examples/gap9/basic/os/kernel/multi_threads	clang-compat-nowerror-sdkp	0	yes	1	b171a7ea
examples/gap9/basic/os/kernel/multi_threads	gcc	0	yes	1	d1b1dcc8
examples/gap9/basic/os/kernel/multi_threads_vs_multi_tasks	clang-compat-nowerror-gnuas-gnuld	0	yes	0	a9e7d1c2
examples/gap9/basic/os/kernel/multi_threads_vs_multi_tasks	clang-compat-nowerror-sdkp	0	yes	0	1590e815
examples/gap9/basic/os/kernel/multi_threads_vs_multi_tasks	gcc	0	yes	0	f1f87492
examples/gap9/basic/os/kernel/mutex	clang-compat-nowerror-gnuas-gnuld	0	yes	0	ca5df777
examples/gap9/basic/os/kernel/mutex	clang-compat-nowerror-sdkp	0	yes	0	ca5df777
examples/gap9/basic/os/kernel/mutex	gcc	0	yes	124	d41d8cd9
examples/gap9/basic/os/kernel/notification	clang-compat-nowerror-gnuas-gnuld	0	yes	0	0616214f
examples/gap9/basic/os/kernel/notification	clang-compat-nowerror-sdkp	0	yes	0	0616214f
examples/gap9/basic/os/kernel/notification	gcc	0	yes	0	0616214f
examples/gap9/basic/os/kernel/queue	clang-compat-nowerror-gnuas-gnuld	0	yes	0	a0f8a451
examples/gap9/basic/os/kernel/queue	clang-compat-nowerror-sdkp	0	yes	0	a0f8a451
examples/gap9/basic/os/kernel/queue	gcc	0	yes	0	a0f8a451
examples/gap9/basic/os/kernel/queue_pi	clang-compat-nowerror-gnuas-gnuld	0	yes	0	658e89ea
examples/gap9/basic/os/kernel/queue_pi	clang-compat-nowerror-sdkp	0	yes	0	658e89ea
examples/gap9/basic/os/kernel/queue_pi	gcc	0	yes	0	658e89ea
examples/gap9/basic/os/kernel/sem_pi	clang-compat-nowerror-gnuas-gnuld	0	yes	0	011a4262
examples/gap9/basic/os/kernel/sem_pi	clang-compat-nowerror-sdkp	0	yes	0	011a4262
examples/gap9/basic/os/kernel/sem_pi	gcc	0	yes	0	011a4262
examples/gap9/basic/os/kernel/semaphore	clang-compat-nowerror-gnuas-gnuld	0	yes	0	d9af827a
examples/gap9/basic/os/kernel/semaphore	clang-compat-nowerror-sdkp	0	yes	0	d9af827a
examples/gap9/basic/os/kernel/semaphore	gcc	0	yes	0	d9af827a
examples/gap9/basic/os/kernel/sw_irq	clang-compat-nowerror-gnuas-gnuld	0	yes	0	07079842
examples/gap9/basic/os/kernel/sw_irq	clang-compat-nowerror-sdkp	0	yes	0	07079842
examples/gap9/basic/os/kernel/sw_irq	gcc	0	yes	0	07079842
examples/gap9/basic/os/kernel/sw_timer	clang-compat-nowerror-gnuas-gnuld	0	yes	0	fd817627
examples/gap9/basic/os/kernel/sw_timer	clang-compat-nowerror-sdkp	0	yes	0	fd817627
examples/gap9/basic/os/kernel/sw_timer	gcc	0	yes	0	fd817627
examples/gap9/basic/os/kernel/thread_vs_callback	clang-compat-nowerror-gnuas-gnuld	0	yes	0	bb6b2572
examples/gap9/basic/os/kernel/thread_vs_callback	clang-compat-nowerror-sdkp	0	yes	0	d6a37a5a
examples/gap9/basic/os/kernel/thread_vs_callback	gcc	0	yes	0	cb0e7c73
examples/gap9/basic/perf	clang	2		-	-
examples/gap9/basic/perf	clang-compat-nowerror-gnuas-gnuld	0	yes	0	786ed807
examples/gap9/basic/perf	clang-compat-nowerror-sdkp	0	yes	0	42d90803
examples/gap9/basic/perf	gcc	0	yes	0	c8ea600f
examples/gap9/basic/precompiled_library	clang-compat-nowerror-gnuas-gnuld	0	yes	0	708ad85a
examples/gap9/basic/precompiled_library	clang-compat-nowerror-sdkp	0	yes	0	708ad85a
examples/gap9/basic/precompiled_library	gcc	0	yes	0	708ad85a
examples/gap9/basic/stack/stack_usage	clang-compat-nowerror-gnuas-gnuld	0	yes	0	fc31a667
examples/gap9/basic/stack/stack_usage	clang-compat-nowerror-sdkp	0	yes	0	fc31a667
examples/gap9/basic/stack/stack_usage	gcc	0	yes	0	913228df
examples/gap9/basic/timer	clang-compat-nowerror-gnuas-gnuld	0	yes	1	258cbeda
examples/gap9/basic/timer	clang-compat-nowerror-sdkp	0	yes	1	6cd37f68
examples/gap9/basic/timer	gcc	0	yes	1	5c5f2040
examples/gap9/basic/watchdog/auto_rearm	clang-compat-nowerror-gnuas-gnuld	0	yes	124	d41d8cd9
examples/gap9/basic/watchdog/auto_rearm	clang-compat-nowerror-sdkp	0	yes	0	5c8e5eef
examples/gap9/basic/watchdog/auto_rearm	gcc	0	yes	124	d41d8cd9
examples/gap9/basic/watchdog/simple	clang-compat-nowerror-gnuas-gnuld	0	yes	0	b43443d0
examples/gap9/basic/watchdog/simple	clang-compat-nowerror-sdkp	0	yes	0	b43443d0
examples/gap9/basic/watchdog/simple	gcc	0	yes	0	b43443d0
examples/gap9/basic/wrench	clang-compat-nowerror-gnuas-gnuld	2		-	-
examples/gap9/basic/wrench	clang-compat-nowerror-sdkp	2		-	-
examples/gap9/basic/wrench	gcc	0	yes	0	dffe669e
examples/gap9/dsp/autotiler/DotProd	clang	2		-	-
examples/gap9/dsp/autotiler/DotProd	clang-compat-fp16probe-nowerror-gnuas-gnuld	2		-	-
examples/gap9/dsp/autotiler/DotProd	clang-compat-nowerror-gnuas-gnuld	2		-	-
examples/gap9/dsp/autotiler/DotProd	clang-compat-nowerror-sdkp	2		-	-
examples/gap9/dsp/autotiler/DotProd	gcc	0	yes	1	ed8bff68
examples/gap9/dsp/autotiler/MatAdd	clang	2		-	-
examples/gap9/dsp/autotiler/MatAdd	clang-compat-fp16probe-nowerror-gnuas-gnuld	2		-	-
examples/gap9/dsp/autotiler/MatAdd	clang-compat-nowerror-gnuas-gnuld	2		-	-
examples/gap9/dsp/autotiler/MatAdd	clang-compat-nowerror-sdkp	2		-	-
examples/gap9/dsp/autotiler/MatAdd	gcc	0	yes	1	df180ec8
examples/gap9/dsp/autotiler/MatMul	clang	2		-	-
examples/gap9/dsp/autotiler/MatMul	clang-compat-fp16probe-nowerror-gnuas-gnuld	2		-	-
examples/gap9/dsp/autotiler/MatMul	clang-compat-nowerror-gnuas-gnuld	2		-	-
examples/gap9/dsp/autotiler/MatMul	clang-compat-nowerror-sdkp	2		-	-
examples/gap9/dsp/autotiler/MatMul	gcc	0	yes	1	94b2fcdf
examples/gap9/dsp/benchmarks/DftSimple	clang	2		-	-
examples/gap9/dsp/benchmarks/DftSimple	clang-compat-fp16probe-nowerror-gnuas-gnuld	2		-	-
examples/gap9/dsp/benchmarks/DftSimple	clang-compat-nowerror-gnuas-gnuld	2		-	-
examples/gap9/dsp/benchmarks/DftSimple	clang-compat-nowerror-sdkp	2		-	-
examples/gap9/dsp/benchmarks/DftSimple	gcc	0	yes	1	104a059f
examples/gap9/dsp/benchmarks/FFTL1	clang	2		-	-
examples/gap9/dsp/benchmarks/FFTL1	clang-compat-fp16probe-nowerror-gnuas-gnuld	2		-	-
examples/gap9/dsp/benchmarks/FFTL1	clang-compat-nowerror-gnuas-gnuld	2		-	-
examples/gap9/dsp/benchmarks/FFTL1	clang-compat-nowerror-sdkp	2		-	-
examples/gap9/dsp/benchmarks/FFTL1	gcc	0	yes	1	373f7598
examples/gap9/dsp/benchmarks/Fir	clang	2		-	-
examples/gap9/dsp/benchmarks/Fir	clang-compat-fp16probe-nowerror-gnuas-gnuld	0	yes	1	881aaea2
examples/gap9/dsp/benchmarks/Fir	clang-compat-nowerror-gnuas-gnuld	2		-	-
examples/gap9/dsp/benchmarks/Fir	clang-compat-nowerror-sdkp	2		-	-
examples/gap9/dsp/benchmarks/Fir	gcc	0	yes	1	d102b1d3
examples/gap9/dsp/benchmarks/MatMul	clang	2		-	-
examples/gap9/dsp/benchmarks/MatMul	clang-compat-fp16probe-nowerror-gnuas-gnuld	2		-	-
examples/gap9/dsp/benchmarks/MatMul	clang-compat-nowerror-gnuas-gnuld	2		-	-
examples/gap9/dsp/benchmarks/MatMul	clang-compat-nowerror-sdkp	2		-	-
examples/gap9/dsp/benchmarks/MatMul	gcc	0	yes	1	65356ee4
examples/gap9/nn/autotiler/MnistGraph	clang	2		-	-
examples/gap9/nn/autotiler/MnistGraph	clang-compat-fp16probe-nowerror-gnuas-gnuld	2		-	-
examples/gap9/nn/autotiler/MnistGraph	clang-compat-nowerror-gnuas-gnuld	2		-	-
examples/gap9/nn/autotiler/MnistGraph	clang-compat-nowerror-sdkp	2		-	-
examples/gap9/nn/autotiler/MnistGraph	gcc	0	yes	1	0a3acb5a
