function	loops_f16.O2: packed	insns	hwloops	post-inc	loops_f16.O3: packed	insns	hwloops	post-inc	loops_f16.O3: packed	insns	hwloops	post-inc
win_f16	-	12	1	2	vfmul.hx1	49	1	3	-	13	1	0
win_f16_o	-	12	1	3	vfmul.hx1	47	1	3	-	14	1	0
add_f16	-	12	1	3	vfadd.hx1	47	1	3	-	14	1	0
axpy_f16	-	12	1	2	pv.add.sc.hx1 vfmac.hx1	50	1	3	-	13	1	0
scale_f16	-	11	1	2	pv.add.sc.hx1 vfmul.hx1	43	1	2	-	12	1	0
max_f16	-	15	1	3	-	13	0	4	-	17	1	0
magsq_f16	-	14	1	3	pv.pack.hx1 pv.pack.h.hx1 vfmac.hx1 vfmul.hx1	32	1	3	-	15	1	0
dot_f16	-	15	1	2	-	15	1	2	-	16	1	0
win_f16_nr	-	12	1	2	vfmul.hx1	67	2	5	-	13	1	0
win_f16_k256	-	7	1	2	vfmul.hx1	35	1	3	-	11	1	0
