CmplxFunctionsFix	stock-llc=0	exp-opt=0	exp-llc=0	LV=0	SLP=0	packed stock/exp=3/3	
CmplxFunctionsf16	stock-llc=0	exp-opt=0	exp-llc=0	LV=0	SLP=0	packed stock/exp=0/0	
CmplxFunctionsf16a	stock-llc=0	exp-opt=0	exp-llc=0	LV=0	SLP=0	packed stock/exp=1/0	
CmplxFunctionsf32	stock-llc=0	exp-opt=0	exp-llc=0	LV=0	SLP=0	packed stock/exp=0/0	
DctLibraryFix	stock-llc=0	exp-opt=0	exp-llc=0	LV=1	SLP=0	packed stock/exp=4/5	
DctLibraryf16	stock-llc=0	exp-opt=0	exp-llc=0	LV=0	SLP=0	packed stock/exp=0/0	
DctLibraryf16a	stock-llc=0	exp-opt=0	exp-llc=0	LV=0	SLP=0	packed stock/exp=4/4	
DctLibraryf32	stock-llc=0	exp-opt=0	exp-llc=0	LV=0	SLP=0	packed stock/exp=0/0	
DftLibraryf16	stock-llc=0	exp-opt=0	exp-llc=0	LV=0	SLP=0	packed stock/exp=0/0	
DftLibraryf16a	stock-llc=0	exp-opt=0	exp-llc=0	LV=0	SLP=0	packed stock/exp=128/68	
DftLibraryf32	stock-llc=0	exp-opt=0	exp-llc=0	LV=0	SLP=0	packed stock/exp=0/0	
FftLibraryFix	stock-llc=0	exp-opt=0	exp-llc=134	LV=1	SLP=1	packed stock/exp=336/	 llc: Assertion `hasVInstructions() && "Tried to get vector length without Zve or V extension support!"' failed.
FftLibraryf16	stock-llc=0	exp-opt=0	exp-llc=0	LV=0	SLP=0	packed stock/exp=0/0	
FftLibraryf16a	stock-llc=0	exp-opt=0	exp-llc=0	LV=0	SLP=0	packed stock/exp=35/25	
FftLibraryf32	stock-llc=0	exp-opt=0	exp-llc=0	LV=0	SLP=0	packed stock/exp=0/0	
FirBasicKernelsFix	stock-llc=0	exp-opt=0	exp-llc=0	LV=4	SLP=0	packed stock/exp=24/24	
FirBasicKernelsf16	stock-llc=0	exp-opt=0	exp-llc=0	LV=0	SLP=0	packed stock/exp=0/0	
FirBasicKernelsf16a	stock-llc=0	exp-opt=0	exp-llc=0	LV=0	SLP=0	packed stock/exp=6/6	
FirBasicKernelsf32	stock-llc=0	exp-opt=0	exp-llc=0	LV=0	SLP=0	packed stock/exp=0/0	
MatAddDSP	stock-llc=0	exp-opt=0	exp-llc=0	LV=0	SLP=0	packed stock/exp=0/0	
MatMulDSP	stock-llc=0	exp-opt=0	exp-llc=0	LV=6	SLP=7	packed stock/exp=63/79	
MatMulDSPf16	stock-llc=0	exp-opt=0	exp-llc=0	LV=0	SLP=0	packed stock/exp=0/0	
MatMulDSPf16a	stock-llc=0	exp-opt=0	exp-llc=0	LV=0	SLP=0	packed stock/exp=14/14	
MatVectDSP	stock-llc=0	exp-opt=0	exp-llc=0	LV=0	SLP=0	packed stock/exp=4/4	
MathFuncsFix	stock-llc=0	exp-opt=0	exp-llc=0	LV=0	SLP=0	packed stock/exp=0/0	
MfccLibraryf16	stock-llc=0	exp-opt=0	exp-llc=0	LV=0	SLP=0	packed stock/exp=0/0	
MfccLibraryf16a	stock-llc=0	exp-opt=0	exp-llc=0	LV=0	SLP=0	packed stock/exp=0/0	
MfccLibraryf32	stock-llc=0	exp-opt=0	exp-llc=0	LV=0	SLP=0	packed stock/exp=0/0	
PiecewiseMathf16	stock-llc=0	exp-opt=0	exp-llc=0	LV=0	SLP=0	packed stock/exp=24/24	
PiecewiseMathf16a	stock-llc=0	exp-opt=0	exp-llc=0	LV=0	SLP=0	packed stock/exp=36/36	
PiecewiseMathf32	stock-llc=0	exp-opt=0	exp-llc=0	LV=0	SLP=0	packed stock/exp=0/0	
PreProcessingFix	stock-llc=0	exp-opt=0	exp-llc=0	LV=2	SLP=0	packed stock/exp=2/2	
PreProcessingf16	stock-llc=0	exp-opt=0	exp-llc=0	LV=0	SLP=0	packed stock/exp=0/0	
PreProcessingf16a	stock-llc=0	exp-opt=0	exp-llc=0	LV=0	SLP=0	packed stock/exp=0/0	
PreProcessingf32	stock-llc=0	exp-opt=0	exp-llc=0	LV=0	SLP=0	packed stock/exp=0/0	
