status	additions	deletions	path
modified	246	0	README.md
modified	19	0	clang/include/clang/Basic/Attr.td
modified	8	0	clang/include/clang/Basic/AttrDocs.td
modified	181	0	clang/include/clang/Basic/BuiltinsRISCV.def
modified	12	0	clang/include/clang/Basic/DiagnosticSemaKinds.td
modified	5	0	clang/include/clang/Basic/TokenKinds.def
modified	2	0	clang/include/clang/Driver/Options.td
added	30	0	clang/include/clang/Parse/FrepHint.h
modified	11	0	clang/include/clang/Parse/Parser.h
modified	3	0	clang/lib/Basic/Targets/RISCV.cpp
modified	5	1	clang/lib/Basic/Targets/RISCV.h
modified	30	0	clang/lib/CodeGen/CGStmt.cpp
modified	3	0	clang/lib/CodeGen/CodeGenFunction.h
modified	15	0	clang/lib/Driver/ToolChains/Arch/RISCV.cpp
modified	4	1	clang/lib/Driver/ToolChains/BareMetal.cpp
modified	125	0	clang/lib/Parse/ParsePragma.cpp
modified	38	0	clang/lib/Parse/ParseStmt.cpp
modified	127	1	clang/lib/Sema/SemaChecking.cpp
modified	26	0	clang/lib/Sema/SemaStmtAttr.cpp
added	26	0	clang/test/CodeGen/RISCV/riscv-sdma-intrinsics.c
added	70	0	clang/test/CodeGen/RISCV/riscv-ssr-intrinsics.c
added	100	0	clang/test/CodeGen/RISCV/riscv-xpulpv2-intrinsics-diag.c
added	1258	0	clang/test/CodeGen/RISCV/riscv-xpulpv2-intrinsics.c
modified	4	0	clang/test/Driver/riscv-arch.c
modified	2	2	clang/test/Misc/target-invalid-cpu-note.c
added	11	0	clang/test/Preprocessor/riscv-nofdiv.c
modified	4	0	lld/ELF/Arch/RISCV.cpp
modified	4	0	llvm/include/llvm/BinaryFormat/ELFRelocs/RISCV.def
modified	3	0	llvm/include/llvm/IR/IntrinsicsRISCV.td
added	292	0	llvm/include/llvm/IR/IntrinsicsRISCVXpulp.td
added	144	0	llvm/include/llvm/IR/IntrinsicsRISCVXsnitch.td
modified	53	0	llvm/include/llvm/Target/TargetSelectionDAG.td
modified	31	1	llvm/lib/Support/RISCVISAInfo.cpp
modified	51	1	llvm/lib/Target/RISCV/AsmParser/RISCVAsmParser.cpp
modified	6	0	llvm/lib/Target/RISCV/CMakeLists.txt
modified	21	0	llvm/lib/Target/RISCV/Disassembler/RISCVDisassembler.cpp
modified	11	0	llvm/lib/Target/RISCV/MCTargetDesc/RISCVAsmBackend.cpp
modified	1	0	llvm/lib/Target/RISCV/MCTargetDesc/RISCVBaseInfo.h
modified	4	0	llvm/lib/Target/RISCV/MCTargetDesc/RISCVELFObjectWriter.cpp
modified	5	0	llvm/lib/Target/RISCV/MCTargetDesc/RISCVFixupKinds.h
modified	44	0	llvm/lib/Target/RISCV/MCTargetDesc/RISCVMCCodeEmitter.cpp
added	697	0	llvm/lib/Target/RISCV/PULP/PULPFixupHwLoops.cpp
added	1594	0	llvm/lib/Target/RISCV/PULP/PULPHardwareLoops.cpp
added	136	0	llvm/lib/Target/RISCV/PULPExpandPseudoInsts.cpp
modified	17	0	llvm/lib/Target/RISCV/RISCV.h
modified	2	0	llvm/lib/Target/RISCV/RISCV.td
added	254	0	llvm/lib/Target/RISCV/RISCVExpandSDMAInsts.cpp
added	581	0	llvm/lib/Target/RISCV/RISCVExpandSSRInsts.cpp
modified	43	0	llvm/lib/Target/RISCV/RISCVFeatures.td
modified	113	1	llvm/lib/Target/RISCV/RISCVISelDAGToDAG.cpp
modified	8	0	llvm/lib/Target/RISCV/RISCVISelDAGToDAG.h
modified	228	8	llvm/lib/Target/RISCV/RISCVISelLowering.cpp
modified	7	0	llvm/lib/Target/RISCV/RISCVISelLowering.h
modified	29	0	llvm/lib/Target/RISCV/RISCVInstrInfo.cpp
modified	5	0	llvm/lib/Target/RISCV/RISCVInstrInfo.h
modified	35	0	llvm/lib/Target/RISCV/RISCVInstrInfo.td
added	120	0	llvm/lib/Target/RISCV/RISCVInstrInfoXdma.td
added	53	0	llvm/lib/Target/RISCV/RISCVInstrInfoXfrep.td
added	1882	0	llvm/lib/Target/RISCV/RISCVInstrInfoXpulp.td
added	110	0	llvm/lib/Target/RISCV/RISCVInstrInfoXsmallfloat.td
added	1520	0	llvm/lib/Target/RISCV/RISCVInstrInfoXsmallfloatGen.td
added	203	0	llvm/lib/Target/RISCV/RISCVInstrInfoXssr.td
modified	7	0	llvm/lib/Target/RISCV/RISCVMachineFunctionInfo.h
modified	41	0	llvm/lib/Target/RISCV/RISCVProcessors.td
modified	9	0	llvm/lib/Target/RISCV/RISCVRegisterInfo.cpp
modified	19	0	llvm/lib/Target/RISCV/RISCVRegisterInfo.td
added	224	0	llvm/lib/Target/RISCV/RISCVSchedMempool.td
added	32	0	llvm/lib/Target/RISCV/RISCVSchedSnitch.td
modified	12	0	llvm/lib/Target/RISCV/RISCVSubtarget.h
modified	8	1	llvm/lib/Target/RISCV/RISCVSystemOperands.td
modified	13	0	llvm/lib/Target/RISCV/RISCVTargetMachine.cpp
modified	17	0	llvm/lib/Target/RISCV/RISCVTargetTransformInfo.cpp
modified	6	0	llvm/lib/Target/RISCV/RISCVTargetTransformInfo.h
added	1646	0	llvm/lib/Target/RISCV/Snitch/SNITCHFrepLoops.cpp
modified	12	0	llvm/test/CodeGen/RISCV/O0-pipeline.ll
modified	14	1	llvm/test/CodeGen/RISCV/O3-pipeline.ll
added	124	0	llvm/test/CodeGen/RISCV/freploop-nested.ll
added	81	0	llvm/test/CodeGen/RISCV/freploop.ll
added	1756	0	llvm/test/CodeGen/RISCV/intrinsics/xpulpv.ll
added	43	0	llvm/test/CodeGen/RISCV/nofdiv.ll
added	45	0	llvm/test/CodeGen/RISCV/pulp-expand-pseudo.mir
added	19	0	llvm/test/CodeGen/RISCV/pulp-select-pseudo.ll
added	76	0	llvm/test/CodeGen/RISCV/sdma-intrinsics.ll
added	59	0	llvm/test/CodeGen/RISCV/sdma-pseudo-instructions.mir
added	141	0	llvm/test/CodeGen/RISCV/ssr-pseudo-instructions.mir
added	105	0	llvm/test/CodeGen/RISCV/ssr-register-merging.mir
added	71	0	llvm/test/CodeGen/RISCV/ssr-register-reserving.ll
added	322	0	llvm/test/CodeGen/RISCV/xpulp-hwloop.ll
added	33	0	llvm/test/CodeGen/RISCV/xsmallfloat-inline-asm.ll
added	38	0	llvm/test/MC/RISCV/rv32xdma-valid.s
added	20	0	llvm/test/MC/RISCV/rv32xfrep-valid.s
added	5	0	llvm/test/MC/RISCV/rv32xmempool-invalid.s
added	10	0	llvm/test/MC/RISCV/rv32xmempool-valid.s
added	30	0	llvm/test/MC/RISCV/rv32xssr-valid.s
added	10	0	llvm/test/MC/RISCV/xpulp/xpulp-asm-parser.s
added	73	0	llvm/test/MC/RISCV/xsmallfloat/rv32xsflt-valid.s
added	76	0	llvm/test/MC/RISCV/xsmallfloat/rv32xsflt-xfalthalf-valid.s
added	88	0	llvm/test/MC/RISCV/xsmallfloat/rv32xsflt-xfaltquarter-valid.s
added	8	0	llvm/test/MC/RISCV/xsmallfloat/rv32xsflt-xfauxalthalf-valid.s
added	8	0	llvm/test/MC/RISCV/xsmallfloat/rv32xsflt-xfauxaltquarter-valid.s
added	8	0	llvm/test/MC/RISCV/xsmallfloat/rv32xsflt-xfauxhalf-valid.s
added	8	0	llvm/test/MC/RISCV/xsmallfloat/rv32xsflt-xfauxquarter-valid.s
added	8	0	llvm/test/MC/RISCV/xsmallfloat/rv32xsflt-xfauxvecalthalf-valid.s
added	8	0	llvm/test/MC/RISCV/xsmallfloat/rv32xsflt-xfauxvecaltquarter-valid.s
added	8	0	llvm/test/MC/RISCV/xsmallfloat/rv32xsflt-xfauxvechalf-valid.s
added	8	0	llvm/test/MC/RISCV/xsmallfloat/rv32xsflt-xfauxvecquarter-valid.s
added	8	0	llvm/test/MC/RISCV/xsmallfloat/rv32xsflt-xfauxvecsingle-valid.s
added	16	0	llvm/test/MC/RISCV/xsmallfloat/rv32xsflt-xfexpauxvecalthalf-valid.s
added	28	0	llvm/test/MC/RISCV/xsmallfloat/rv32xsflt-xfexpauxvecaltquarter-valid.s
added	16	0	llvm/test/MC/RISCV/xsmallfloat/rv32xsflt-xfexpauxvechalf-valid.s
added	28	0	llvm/test/MC/RISCV/xsmallfloat/rv32xsflt-xfexpauxvecquarter-valid.s
added	93	0	llvm/test/MC/RISCV/xsmallfloat/rv32xsflt-xfquarter-frm.s
added	80	0	llvm/test/MC/RISCV/xsmallfloat/rv32xsflt-xfquarter-valid.s
added	4	0	llvm/test/MC/RISCV/xsmallfloat/rv32xsflt-xfvecalthalf-invalid.s
added	112	0	llvm/test/MC/RISCV/xsmallfloat/rv32xsflt-xfvecalthalf-valid.s
added	8	0	llvm/test/MC/RISCV/xsmallfloat/rv32xsflt-xfvecaltquarter-invalid.s
added	128	0	llvm/test/MC/RISCV/xsmallfloat/rv32xsflt-xfvecaltquarter-valid.s
added	4	0	llvm/test/MC/RISCV/xsmallfloat/rv32xsflt-xfvechalf-invalid.s
added	112	0	llvm/test/MC/RISCV/xsmallfloat/rv32xsflt-xfvechalf-valid.s
added	11	0	llvm/test/MC/RISCV/xsmallfloat/rv32xsflt-xfvecquarter-invalid.s
added	140	0	llvm/test/MC/RISCV/xsmallfloat/rv32xsflt-xfvecquarter-valid.s
added	9	0	llvm/test/MC/RISCV/xsmallfloat/rv32xsflt-xfvecsingle-invalid.s
added	116	0	llvm/test/MC/RISCV/xsmallfloat/rv32xsflt-xfvecsingle-valid.s
modified	26	0	llvm/unittests/Support/RISCVISAInfoTest.cpp
